epoch,train_loss,valid_loss,time
0,0.42942750453948975,0.38874295353889465,00:19
